filename,original_local_path,local_path,content_type,pages,association,font_families,bytes,sha256,source_url
2f5108b85fd4d2cf81ed.pdf,/assets/2f5108b85fd4d2cf81ed.pdf,/assets/documents/2f5108b85fd4d2cf81ed.pdf,application/pdf,/info,shared,,134332,13d26da892fb29ceb563cb43d664b1178276a9730705ed614ece010a47297bbf,https://www.jiaqiliu.com/_files/ugd/430132_0c8c96a57057435298d6d9eba814c136.pdf
00915920e370420b6f07.woff2,/assets/00915920e370420b6f07.woff2,/assets/fonts/00915920e370420b6f07.woff2,font/woff2,,shared,helvetica-w01-roman,36712,fcdfd6f1841b7b145fc382858a45c8342ab62abb0766db43431ab2de54253e97,https://static.parastorage.com/fonts/v2/2af1bf48-e783-4da8-9fa0-599dde29f2d5/v1/helvetica-w01-roman.woff2
02558e81e565fbe1e699.woff2,/assets/02558e81e565fbe1e699.woff2,/assets/fonts/02558e81e565fbe1e699.woff2,font/woff2,/; /01001001-00100000-01000100-01001111; /ads-named-desire; /aesthetics-under-the-microscope; /artist-statement; /breathe; /dear-water; /info; /maslows-hierarchy-of-needs; /mirage; /on-the-avant-garde-responses-and-how-an-artwork-can-stand-out; /on-the-distinctions-between-ai-works-and-art-works; /peace-and-peace; /pointillism; /projects; /random-thoughts; /song-of-a-lonely-bird; /song-of-a-lonely-bird-a-re-creation; /texts; /the-clock,shared,helvetica-w01-light,22492,2be90a76ac71b5abf5eb25f5a2feb93819852f99957e5b121df8ecad0190a5a5,https://static.parastorage.com/fonts/v2/8eac109b-0fa9-42bf-a305-43e471e23779/v1/helvetica-w02-light.woff2
02784fdab3c1d0e78475.woff2,/assets/02784fdab3c1d0e78475.woff2,/assets/fonts/02784fdab3c1d0e78475.woff2,font/woff2,/artist-statement,artist-statement,barlow-extralight,23456,891868103f6fa64d35447ff2c2089f5efcd8b3157ea459156c3046ff30e705ce,https://static.parastorage.com/tag-bundler/api/v1/fonts-cache/googlefont/woff2/s/barlow/v1/51v0xj5VPw1cLYHNhfd8NFtXRa8TVwTICgirnJhmVJw.woff2
050d6b3d5e9a4d99c018.woff2,/assets/050d6b3d5e9a4d99c018.woff2,/assets/fonts/050d6b3d5e9a4d99c018.woff2,font/woff2,/; /01001001-00100000-01000100-01001111; /ads-named-desire; /aesthetics-under-the-microscope; /artist-statement; /breathe; /dear-water; /fullscreen-page; /info; /maslows-hierarchy-of-needs; /mirage; /on-the-avant-garde-responses-and-how-an-artwork-can-stand-out; /on-the-distinctions-between-ai-works-and-art-works; /peace-and-peace; /pointillism; /projects; /random-thoughts; /song-of-a-lonely-bird; /song-of-a-lonely-bird-a-re-creation; /texts; /the-clock,shared,avenir-lt-w01_35-light1475496,24560,8f0df435bfdc31c4ae406019c9d872754028b5ecb2125dc9322890f42af1a308,https://static.parastorage.com/fonts/v2/af36905f-3c92-4ef9-b0c1-f91432f16ac1/v1/avenir-lt-w05_35-light.woff2
14f11a9f7dea1acccf1b.woff2,/assets/14f11a9f7dea1acccf1b.woff2,/assets/fonts/14f11a9f7dea1acccf1b.woff2,font/woff2,/artist-statement,artist-statement,barlow,4168,1234fe69b3e5119fec7d75829c67889ca439e8d64dbbb94953fee06328b8884d,https://static.parastorage.com/tag-bundler/api/v1/fonts-cache/googlefont/woff2/s/barlow/v12/7cHsv4kjgoGqM7E_CfOA5WohvToJdLm8BvE.woff2
180f514cb2612eb5dadf.woff2,/assets/180f514cb2612eb5dadf.woff2,/assets/fonts/180f514cb2612eb5dadf.woff2,font/woff2,/artist-statement,artist-statement,barlow,9512,56856a3adcaba62af93a726fa54756fd78a56f1b6a2a672f7b9e7606b37ddb31,https://static.parastorage.com/tag-bundler/api/v1/fonts-cache/googlefont/woff2/s/barlow/v12/7cHsv4kjgoGqM7E_CfOA5WogvToJdLm8BvE.woff2
1ef75a7989e0293f381e.woff2,/assets/1ef75a7989e0293f381e.woff2,/assets/fonts/1ef75a7989e0293f381e.woff2,font/woff2,/artist-statement,artist-statement,barlow,4004,50d83822f9ac181209a5e755b0c055da97d64c2e5532bb400988b206281ab208,https://static.parastorage.com/tag-bundler/api/v1/fonts-cache/googlefont/woff2/s/barlow/v12/7cHqv4kjgoGqM7E3t-4s6Fostz0rdom9.woff2
2c9d6bb3baf447c70822.woff2,/assets/2c9d6bb3baf447c70822.woff2,/assets/fonts/2c9d6bb3baf447c70822.woff2,font/woff2,/; /01001001-00100000-01000100-01001111; /ads-named-desire; /aesthetics-under-the-microscope; /artist-statement; /breathe; /dear-water; /fullscreen-page; /info; /maslows-hierarchy-of-needs; /mirage; /on-the-avant-garde-responses-and-how-an-artwork-can-stand-out; /on-the-distinctions-between-ai-works-and-art-works; /peace-and-peace; /pointillism; /projects; /random-thoughts; /song-of-a-lonely-bird; /song-of-a-lonely-bird-a-re-creation; /texts; /the-clock,shared,poppins,8676,4eaac5c96bd47f9fd1f09c91f0b27b5a93346ed7e94de849c835f2116cea3e1d,https://static.parastorage.com/tag-bundler/api/v1/fonts-cache/googlefont/woff2/s/poppins/v21/pxiGyp8kv8JHgFVrJJLucHtAOvWDSA.woff2
2e7b8b2962b57173d737.woff2,/assets/2e7b8b2962b57173d737.woff2,/assets/fonts/2e7b8b2962b57173d737.woff2,font/woff2,/artist-statement,artist-statement,barlow,8872,ca1544de9ac527c5a0d87547198c9bac69dbea17a48c569ab71609ecfb9727c9,https://static.parastorage.com/tag-bundler/api/v1/fonts-cache/googlefont/woff2/s/barlow/v12/7cHqv4kjgoGqM7E3t-4s6Vostz0rdom9.woff2
2fca2a872bd9a9a23e17.woff2,/assets/2fca2a872bd9a9a23e17.woff2,/assets/fonts/2fca2a872bd9a9a23e17.woff2,font/woff2,/; /01001001-00100000-01000100-01001111; /ads-named-desire; /aesthetics-under-the-microscope; /artist-statement; /breathe; /dear-water; /fullscreen-page; /info; /maslows-hierarchy-of-needs; /mirage; /on-the-avant-garde-responses-and-how-an-artwork-can-stand-out; /on-the-distinctions-between-ai-works-and-art-works; /peace-and-peace; /pointillism; /projects; /random-thoughts; /song-of-a-lonely-bird; /song-of-a-lonely-bird-a-re-creation; /texts; /the-clock,shared,poppins,5388,44f348aca6a78096d424a5130c3ec1d946529d27011db274e49153f9d750d163,https://static.parastorage.com/tag-bundler/api/v1/fonts-cache/googlefont/woff2/s/poppins/v21/pxiByp8kv8JHgFVrLCz7Z1JlFd2JQEl8qw.woff2
328d7eb6d22b62994beb.woff2,/assets/328d7eb6d22b62994beb.woff2,/assets/fonts/328d7eb6d22b62994beb.woff2,font/woff2,/; /01001001-00100000-01000100-01001111; /ads-named-desire; /aesthetics-under-the-microscope; /artist-statement; /breathe; /dear-water; /fullscreen-page; /info; /maslows-hierarchy-of-needs; /mirage; /on-the-avant-garde-responses-and-how-an-artwork-can-stand-out; /on-the-distinctions-between-ai-works-and-art-works; /peace-and-peace; /pointillism; /projects; /random-thoughts; /song-of-a-lonely-bird; /song-of-a-lonely-bird-a-re-creation; /texts; /the-clock,shared,din-next-w01-light,20988,6156303f614ae366b8b64bcd9d5bae47e24fee316244d6dcd3e85f02d8bdfe7f,https://static.parastorage.com/fonts/v2/eca8b0cd-45d8-43cf-aee7-ca462bc5497c/v1/din-next-w01-light.woff2
3a94f23599ecc7df4bb0.woff2,/assets/3a94f23599ecc7df4bb0.woff2,/assets/fonts/3a94f23599ecc7df4bb0.woff2,font/woff2,/01001001-00100000-01000100-01001111; /dear-water; /pointillism; /song-of-a-lonely-bird-a-re-creation; /the-clock,shared,proxima-n-w01-reg,82024,5185daf236a2f25ecc182bbe3dee5a66f42d8ed6a4d4e065cc0feec9a6ace90d,https://static.parastorage.com/fonts/v2/c24fcada-6239-48bc-8b88-9288338191c9/v1/proxima-n-w05-reg.woff2
3b65a5ce1aca8f84a75b.woff2,/assets/3b65a5ce1aca8f84a75b.woff2,/assets/fonts/3b65a5ce1aca8f84a75b.woff2,font/woff2,/artist-statement,artist-statement,barlow,8680,9dbec428d41b8778d42e265394be2ceeb8f240265aa5c82d85f1660126331d1b,https://static.parastorage.com/tag-bundler/api/v1/fonts-cache/googlefont/woff2/s/barlow/v12/7cHpv4kjgoGqM7E_Ass5ynghnQci.woff2
3bf4f8385bc1f59db145.woff2,/assets/3bf4f8385bc1f59db145.woff2,/assets/fonts/3bf4f8385bc1f59db145.woff2,font/woff2,,shared,helvetica-w01-roman,24252,820c74a4b2ebb9eee9eda0560fc94e3d9ff8520b36e47d99269d89a6288603f6,https://static.parastorage.com/fonts/v2/2af1bf48-e783-4da8-9fa0-599dde29f2d5/v1/helvetica-lt-w10-roman.woff2
417b2774430e2357d828.woff2,/assets/417b2774430e2357d828.woff2,/assets/fonts/417b2774430e2357d828.woff2,font/woff2,/artist-statement,artist-statement,barlow,4108,00c00c122e6d9a316de2d0aef749347e1b92b7c978253146f667afee329871fa,https://static.parastorage.com/tag-bundler/api/v1/fonts-cache/googlefont/woff2/s/barlow/v12/7cHrv4kjgoGqM7E_Cfs0wH8DnzcjTrA.woff2
4459fda0f363dd7c45f9.woff2,/assets/4459fda0f363dd7c45f9.woff2,/assets/fonts/4459fda0f363dd7c45f9.woff2,font/woff2,/ads-named-desire; /aesthetics-under-the-microscope; /breathe; /dear-water; /maslows-hierarchy-of-needs; /mirage; /song-of-a-lonely-bird; /the-clock,shared,helvetica-w01-bold,28648,22c148080695837bcba284e8069146bd93e94aaa8e8ec4cbe43e0cfe8224527e,https://static.parastorage.com/fonts/v2/2f12de04-5ca4-4ada-9e66-a958673b12b5/v1/helvetica-w01-bold.woff2
46ddeb66edf625fa4f1d.woff2,/assets/46ddeb66edf625fa4f1d.woff2,/assets/fonts/46ddeb66edf625fa4f1d.woff2,font/woff2,/; /01001001-00100000-01000100-01001111; /ads-named-desire; /aesthetics-under-the-microscope; /artist-statement; /breathe; /dear-water; /fullscreen-page; /info; /maslows-hierarchy-of-needs; /mirage; /on-the-avant-garde-responses-and-how-an-artwork-can-stand-out; /on-the-distinctions-between-ai-works-and-art-works; /peace-and-peace; /pointillism; /projects; /random-thoughts; /song-of-a-lonely-bird; /song-of-a-lonely-bird-a-re-creation; /texts; /the-clock,shared,poppins,5532,ae72a2e827d27f81fd78a0c40dc93fd4c2b85fde419e308f1b387aaa208dad22,https://static.parastorage.com/tag-bundler/api/v1/fonts-cache/googlefont/woff2/s/poppins/v21/pxiEyp8kv8JHgFVrJJnecnFHGPezSQ.woff2
48dfb838aaeb6cf2a5e4.woff2,/assets/48dfb838aaeb6cf2a5e4.woff2,/assets/fonts/48dfb838aaeb6cf2a5e4.woff2,font/woff2,/; /01001001-00100000-01000100-01001111; /ads-named-desire; /aesthetics-under-the-microscope; /artist-statement; /breathe; /dear-water; /fullscreen-page; /info; /maslows-hierarchy-of-needs; /mirage; /on-the-avant-garde-responses-and-how-an-artwork-can-stand-out; /on-the-distinctions-between-ai-works-and-art-works; /peace-and-peace; /pointillism; /projects; /random-thoughts; /song-of-a-lonely-bird; /song-of-a-lonely-bird-a-re-creation; /texts; /the-clock,shared,poppins,7848,197a3cbd7290c242c5c765268cdd69a9a39867fdc80cd13071f243a81c56fb76,https://static.parastorage.com/tag-bundler/api/v1/fonts-cache/googlefont/woff2/s/poppins/v21/pxiByp8kv8JHgFVrLCz7Z1xlFd2JQEk.woff2
4fd1215436dc32f740ac.woff2,/assets/4fd1215436dc32f740ac.woff2,/assets/fonts/4fd1215436dc32f740ac.woff2,font/woff2,/ads-named-desire; /aesthetics-under-the-microscope; /breathe; /dear-water; /maslows-hierarchy-of-needs; /mirage; /song-of-a-lonely-bird; /the-clock,shared,helvetica-w01-bold,23396,a6305695d13a88b1cadf73234625cbc31445e28d9e6e390544cedd2365030341,https://static.parastorage.com/fonts/v2/2f12de04-5ca4-4ada-9e66-a958673b12b5/v1/helvetica-lt-w10-bold.woff2
535c8061da3d2052ad68.woff2,/assets/535c8061da3d2052ad68.woff2,/assets/fonts/535c8061da3d2052ad68.woff2,font/woff2,/; /01001001-00100000-01000100-01001111; /ads-named-desire; /aesthetics-under-the-microscope; /artist-statement; /breathe; /dear-water; /fullscreen-page; /info; /maslows-hierarchy-of-needs; /mirage; /on-the-avant-garde-responses-and-how-an-artwork-can-stand-out; /on-the-distinctions-between-ai-works-and-art-works; /peace-and-peace; /pointillism; /projects; /random-thoughts; /song-of-a-lonely-bird; /song-of-a-lonely-bird-a-re-creation; /texts; /the-clock,shared,poppins-semibold,10504,f5decc210dbe7320771b5ddf86e95be8c6d74d09ac53ab756d4bebcca49c5d3f,https://static.parastorage.com/tag-bundler/api/v1/fonts-cache/googlefont/woff2/s/poppins/v5/aDjpMND83pDErGXlVEr-Sfk_vArhqVIZ0nv9q090hN8.woff2
5582a9e94d609daf29cc.woff2,/assets/5582a9e94d609daf29cc.woff2,/assets/fonts/5582a9e94d609daf29cc.woff2,font/woff2,/; /01001001-00100000-01000100-01001111; /ads-named-desire; /aesthetics-under-the-microscope; /artist-statement; /breathe; /dear-water; /fullscreen-page; /info; /maslows-hierarchy-of-needs; /mirage; /on-the-avant-garde-responses-and-how-an-artwork-can-stand-out; /on-the-distinctions-between-ai-works-and-art-works; /peace-and-peace; /pointillism; /projects; /random-thoughts; /song-of-a-lonely-bird; /song-of-a-lonely-bird-a-re-creation; /texts; /the-clock,shared,avenir-lt-w01_35-light1475496,17216,0ddce0e617794fd30b60e5c829fe12b9d7eeba14e561e7d89da5fcaf2fe900c3,https://static.parastorage.com/fonts/v2/af36905f-3c92-4ef9-b0c1-f91432f16ac1/v1/avenir-lt-w01_35-light1475496.woff2
5b2e517c96843c61f148.woff2,/assets/5b2e517c96843c61f148.woff2,/assets/fonts/5b2e517c96843c61f148.woff2,font/woff2,/; /01001001-00100000-01000100-01001111; /ads-named-desire; /aesthetics-under-the-microscope; /artist-statement; /breathe; /dear-water; /info; /maslows-hierarchy-of-needs; /mirage; /on-the-avant-garde-responses-and-how-an-artwork-can-stand-out; /on-the-distinctions-between-ai-works-and-art-works; /peace-and-peace; /pointillism; /projects; /random-thoughts; /song-of-a-lonely-bird; /song-of-a-lonely-bird-a-re-creation; /texts; /the-clock,shared,avenir-lt-w01_85-heavy1475544,17176,9c9224b0743c9ae4c456fdb5a45303c1110253b1a88f6d143cedf2b4acb9032e,https://static.parastorage.com/fonts/v2/74290729-59ae-4129-87d0-2eec3974dce1/v1/avenir-lt-w01_85-heavy1475544.woff2
5dace36dc35c905c9e1f.woff2,/assets/5dace36dc35c905c9e1f.woff2,/assets/fonts/5dace36dc35c905c9e1f.woff2,font/woff2,/artist-statement,artist-statement,barlow,9488,8971d546d80b4baa74975fc3714903bcc800987e13c487bed0c872b779f276a7,https://static.parastorage.com/tag-bundler/api/v1/fonts-cache/googlefont/woff2/s/barlow/v12/7cHrv4kjgoGqM7E_Cfs1wH8DnzcjTrA.woff2
6ae607e43a2fa098d7a2.woff2,/assets/6ae607e43a2fa098d7a2.woff2,/assets/fonts/6ae607e43a2fa098d7a2.woff2,font/woff2,/artist-statement,artist-statement,barlow,16444,8f992a5b60ef51fb7106e08e693251ab7d00f693f131485f9764d79af37ee3eb,https://static.parastorage.com/tag-bundler/api/v1/fonts-cache/googlefont/woff2/s/barlow/v12/7cHsv4kjgoGqM7E_CfOA5WouvToJdLm8.woff2
6ea004fe8b3493b10cd2.woff2,/assets/6ea004fe8b3493b10cd2.woff2,/assets/fonts/6ea004fe8b3493b10cd2.woff2,font/woff2,/artist-statement,artist-statement,barlow,14784,cb474dc9b3e75c8ec335bab847cb29ec7e89da057ad068abdb99da4585366c8c,https://static.parastorage.com/tag-bundler/api/v1/fonts-cache/googlefont/woff2/s/barlow/v12/7cHqv4kjgoGqM7E3t-4s51ostz0rdg.woff2
7001cafef9b9ce627a98.woff2,/assets/7001cafef9b9ce627a98.woff2,/assets/fonts/7001cafef9b9ce627a98.woff2,font/woff2,/; /01001001-00100000-01000100-01001111; /ads-named-desire; /aesthetics-under-the-microscope; /artist-statement; /breathe; /dear-water; /fullscreen-page; /info; /maslows-hierarchy-of-needs; /mirage; /on-the-avant-garde-responses-and-how-an-artwork-can-stand-out; /on-the-distinctions-between-ai-works-and-art-works; /peace-and-peace; /pointillism; /projects; /random-thoughts; /song-of-a-lonely-bird; /song-of-a-lonely-bird-a-re-creation; /texts; /the-clock,shared,din-next-w01-light,37024,ebfb2353b529b5a4ff2920ea70d2ebc5ffd06402c1eb76f9fe2f055d9f679235,https://static.parastorage.com/fonts/v2/eca8b0cd-45d8-43cf-aee7-ca462bc5497c/v1/din-next-w02-light.woff2
78891389d8a13ce9cfbf.woff2,/assets/78891389d8a13ce9cfbf.woff2,/assets/fonts/78891389d8a13ce9cfbf.woff2,font/woff2,/artist-statement,artist-statement,barlow,14736,60cdff1621cd9803c61b2c7d010adcb8094f41fcab2da420f99dead9c097395f,https://static.parastorage.com/tag-bundler/api/v1/fonts-cache/googlefont/woff2/s/barlow/v12/7cHpv4kjgoGqM7E_DMs5ynghnQ.woff2
7895fc9f4725ea8fd43f.woff2,/assets/7895fc9f4725ea8fd43f.woff2,/assets/fonts/7895fc9f4725ea8fd43f.woff2,font/woff2,/; /01001001-00100000-01000100-01001111; /ads-named-desire; /aesthetics-under-the-microscope; /artist-statement; /breathe; /dear-water; /info; /maslows-hierarchy-of-needs; /mirage; /on-the-avant-garde-responses-and-how-an-artwork-can-stand-out; /on-the-distinctions-between-ai-works-and-art-works; /peace-and-peace; /pointillism; /projects; /random-thoughts; /song-of-a-lonely-bird; /song-of-a-lonely-bird-a-re-creation; /texts; /the-clock,shared,avenir-lt-w01_85-heavy1475544,26744,60a711365e42e9442527a5a8d08ab37ad5da6144eb67cb13de8baaf5ba7e1f9e,https://static.parastorage.com/fonts/v2/74290729-59ae-4129-87d0-2eec3974dce1/v1/avenir-lt-w05_85-heavy.woff2
7972bb30901c2b9a476a.woff2,/assets/7972bb30901c2b9a476a.woff2,/assets/fonts/7972bb30901c2b9a476a.woff2,font/woff2,/; /01001001-00100000-01000100-01001111; /ads-named-desire; /aesthetics-under-the-microscope; /artist-statement; /breathe; /dear-water; /info; /maslows-hierarchy-of-needs; /mirage; /on-the-avant-garde-responses-and-how-an-artwork-can-stand-out; /on-the-distinctions-between-ai-works-and-art-works; /peace-and-peace; /pointillism; /projects; /random-thoughts; /song-of-a-lonely-bird; /song-of-a-lonely-bird-a-re-creation; /texts; /the-clock,shared,helvetica-w01-light,17348,f0e5c2783ecd83f6495064730d26fefd8eba34f24c550210a7452961a3117dc7,https://static.parastorage.com/fonts/v2/8eac109b-0fa9-42bf-a305-43e471e23779/v1/helvetica-w01-light.woff2
7fe933283ba25bf8cab7.woff2,/assets/7fe933283ba25bf8cab7.woff2,/assets/fonts/7fe933283ba25bf8cab7.woff2,font/woff2,/ads-named-desire; /aesthetics-under-the-microscope; /breathe; /dear-water; /maslows-hierarchy-of-needs; /mirage; /song-of-a-lonely-bird; /the-clock,shared,helvetica-w01-bold,35596,c74f9e1c7455e9acb2463ac23e80f8109f296e0d512d0e57b4e2bf080c3a25f5,https://static.parastorage.com/fonts/v2/2f12de04-5ca4-4ada-9e66-a958673b12b5/v1/helvetica-w02-bold.woff2
80bd3fa1b0177a6c46d4.woff2,/assets/80bd3fa1b0177a6c46d4.woff2,/assets/fonts/80bd3fa1b0177a6c46d4.woff2,font/woff2,/; /01001001-00100000-01000100-01001111; /ads-named-desire; /aesthetics-under-the-microscope; /artist-statement; /breathe; /dear-water; /fullscreen-page; /info; /maslows-hierarchy-of-needs; /mirage; /on-the-avant-garde-responses-and-how-an-artwork-can-stand-out; /on-the-distinctions-between-ai-works-and-art-works; /peace-and-peace; /pointillism; /projects; /random-thoughts; /song-of-a-lonely-bird; /song-of-a-lonely-bird-a-re-creation; /texts; /the-clock,shared,poppins,7900,3dc5d0c52428fe1696264907a1054ebbaac07f8cbe45832c105f819c2ae397c0,https://static.parastorage.com/tag-bundler/api/v1/fonts-cache/googlefont/woff2/s/poppins/v21/pxiEyp8kv8JHgFVrJJfecnFHGPc.woff2
8664b122f38cddf7ebe7.woff2,/assets/8664b122f38cddf7ebe7.woff2,/assets/fonts/8664b122f38cddf7ebe7.woff2,font/woff2,/artist-statement,artist-statement,barlow,16636,77e9a150799a0f9f011af773faf513cd632c3f325ccddfd6c69c1478c924d217,https://static.parastorage.com/tag-bundler/api/v1/fonts-cache/googlefont/woff2/s/barlow/v12/7cHrv4kjgoGqM7E_Cfs7wH8Dnzcj.woff2
9252183be1d488af8243.woff2,/assets/9252183be1d488af8243.woff2,/assets/fonts/9252183be1d488af8243.woff2,font/woff2,/; /01001001-00100000-01000100-01001111; /ads-named-desire; /aesthetics-under-the-microscope; /artist-statement; /breathe; /dear-water; /fullscreen-page; /info; /maslows-hierarchy-of-needs; /mirage; /on-the-avant-garde-responses-and-how-an-artwork-can-stand-out; /on-the-distinctions-between-ai-works-and-art-works; /peace-and-peace; /pointillism; /projects; /random-thoughts; /song-of-a-lonely-bird; /song-of-a-lonely-bird-a-re-creation; /texts; /the-clock,shared,din-next-w01-light,15504,3bd3fee65e14af4c8c1bb0d129fab577a907fbc5086e041fdd05199c1a5f4d23,https://static.parastorage.com/fonts/v2/eca8b0cd-45d8-43cf-aee7-ca462bc5497c/v1/din-next-w10-light.woff2
99fba282244ecb8b5de6.woff2,/assets/99fba282244ecb8b5de6.woff2,/assets/fonts/99fba282244ecb8b5de6.woff2,font/woff2,/01001001-00100000-01000100-01001111; /dear-water; /pointillism; /song-of-a-lonely-bird-a-re-creation; /the-clock,shared,proxima-n-w01-reg,23088,5571fff42dc7e301a496d7affcc5305688037d897a6a4cbad6a3de042e384717,https://static.parastorage.com/fonts/v2/c24fcada-6239-48bc-8b88-9288338191c9/v1/proxima-n-w01-reg.woff2
a3032db73efb4e1701b0.woff2,/assets/a3032db73efb4e1701b0.woff2,/assets/fonts/a3032db73efb4e1701b0.woff2,font/woff2,/artist-statement,artist-statement,barlow-extralight,25972,7dd7aabbdd45c0702b887d2f52759298a530117f66dbfd4f7a0cfaa97aecab6b,https://static.parastorage.com/tag-bundler/api/v1/fonts-cache/googlefont/woff2/s/barlow/v1/cdbGxfKO8gdkBd5U5TuXqPesZW2xOQ-xsNqO47m55DA.woff2
a3df2fb40c6be271b315.woff2,/assets/a3df2fb40c6be271b315.woff2,/assets/fonts/a3df2fb40c6be271b315.woff2,font/woff2,/; /01001001-00100000-01000100-01001111; /ads-named-desire; /aesthetics-under-the-microscope; /artist-statement; /breathe; /dear-water; /fullscreen-page; /info; /maslows-hierarchy-of-needs; /mirage; /on-the-avant-garde-responses-and-how-an-artwork-can-stand-out; /on-the-distinctions-between-ai-works-and-art-works; /peace-and-peace; /pointillism; /projects; /random-thoughts; /song-of-a-lonely-bird; /song-of-a-lonely-bird-a-re-creation; /texts; /the-clock,shared,poppins,5824,36b9a194bedbaa4f6d47a076423812a8746f135f779badb89e5bca8a973e8bdf,https://static.parastorage.com/tag-bundler/api/v1/fonts-cache/googlefont/woff2/s/poppins/v21/pxiDyp8kv8JHgFVrJJLmy15VGdeOYktMqlap.woff2
af999a22a5c607ef8081.woff2,/assets/af999a22a5c607ef8081.woff2,/assets/fonts/af999a22a5c607ef8081.woff2,font/woff2,/; /01001001-00100000-01000100-01001111; /ads-named-desire; /aesthetics-under-the-microscope; /artist-statement; /breathe; /dear-water; /fullscreen-page; /info; /maslows-hierarchy-of-needs; /mirage; /on-the-avant-garde-responses-and-how-an-artwork-can-stand-out; /on-the-distinctions-between-ai-works-and-art-works; /peace-and-peace; /pointillism; /projects; /random-thoughts; /song-of-a-lonely-bird; /song-of-a-lonely-bird-a-re-creation; /texts; /the-clock,shared,poppins-semibold,12256,7554797917550379f4d842a5ab0280261035c880d7233264bf5d4e4ecbcac54e,https://static.parastorage.com/tag-bundler/api/v1/fonts-cache/googlefont/woff2/s/poppins/v5/RbebACOccNN-5ixkDIVLjRUOjZSKWg4xBWp_C_qQx0o.woff2
b1121bbc4182c47f7ac4.woff2,/assets/b1121bbc4182c47f7ac4.woff2,/assets/fonts/b1121bbc4182c47f7ac4.woff2,font/woff2,/artist-statement,artist-statement,barlow-extralight,24044,d54c566b1bdc0094ba5b9881faa7313c7ec77ddc2999fad700838b1759ce3d3c,https://static.parastorage.com/tag-bundler/api/v1/fonts-cache/googlefont/woff2/s/barlow/v1/2woyxyDnPU0v4IiqYU9D1g.woff2
b6165ef682446d7f62c2.woff2,/assets/b6165ef682446d7f62c2.woff2,/assets/fonts/b6165ef682446d7f62c2.woff2,font/woff2,/; /01001001-00100000-01000100-01001111; /ads-named-desire; /aesthetics-under-the-microscope; /artist-statement; /breathe; /dear-water; /fullscreen-page; /info; /maslows-hierarchy-of-needs; /mirage; /on-the-avant-garde-responses-and-how-an-artwork-can-stand-out; /on-the-distinctions-between-ai-works-and-art-works; /peace-and-peace; /pointillism; /projects; /random-thoughts; /song-of-a-lonely-bird; /song-of-a-lonely-bird-a-re-creation; /texts; /the-clock,shared,poppins,5900,a083458639fb169475f8f2e943a0ba93a0e51a46c79786a128bf9c6b1d36cd96,https://static.parastorage.com/tag-bundler/api/v1/fonts-cache/googlefont/woff2/s/poppins/v21/pxiGyp8kv8JHgFVrJJLufntAOvWDSHFF.woff2
d3659e3c22b45c2bef89.woff2,/assets/d3659e3c22b45c2bef89.woff2,/assets/fonts/d3659e3c22b45c2bef89.woff2,font/woff2,/artist-statement,artist-statement,barlow-extralight,25876,063e08f1de9ad0f30b9d4b4a25f1e21a77c805f1fbd020fa3b7bbfaffb03a83c,https://static.parastorage.com/tag-bundler/api/v1/fonts-cache/googlefont/woff2/s/barlow/v1/14AxwKgJhKIO-YYUP_KtZag5eI2G47JWe0-AuFtD150.woff2
dc8f7d0e95109dc65245.woff2,/assets/dc8f7d0e95109dc65245.woff2,/assets/fonts/dc8f7d0e95109dc65245.woff2,font/woff2,,shared,helvetica-w01-roman,41956,4fb3ec1c70340c02b0d1cc37ccab3be7c23cb5fb1d2124619b91ef65e515573f,https://static.parastorage.com/fonts/v2/2af1bf48-e783-4da8-9fa0-599dde29f2d5/v1/helvetica-w02-roman.woff2
e620ca959615875c1586.woff2,/assets/e620ca959615875c1586.woff2,/assets/fonts/e620ca959615875c1586.woff2,font/woff2,/; /01001001-00100000-01000100-01001111; /ads-named-desire; /aesthetics-under-the-microscope; /artist-statement; /breathe; /dear-water; /fullscreen-page; /info; /maslows-hierarchy-of-needs; /mirage; /on-the-avant-garde-responses-and-how-an-artwork-can-stand-out; /on-the-distinctions-between-ai-works-and-art-works; /peace-and-peace; /pointillism; /projects; /random-thoughts; /song-of-a-lonely-bird; /song-of-a-lonely-bird-a-re-creation; /texts; /the-clock,shared,poppins-semibold,12176,5a74628f4bac2e86b98dd2da6d09aa84271894a68d3fbdf2f8569da5278e273a,https://static.parastorage.com/tag-bundler/api/v1/fonts-cache/googlefont/woff2/s/poppins/v5/c4FPK8_hIFKoX59qcGwdChUOjZSKWg4xBWp_C_qQx0o.woff2
e9cf26ffe1abd73e80ff.woff2,/assets/e9cf26ffe1abd73e80ff.woff2,/assets/fonts/e9cf26ffe1abd73e80ff.woff2,font/woff2,/artist-statement,artist-statement,barlow,3904,84f2a05cd80e89dcd733a97b77f352be100ac0d17815482ce229afbd357ba5fe,https://static.parastorage.com/tag-bundler/api/v1/fonts-cache/googlefont/woff2/s/barlow/v12/7cHpv4kjgoGqM7E_A8s5ynghnQci.woff2
f27324544bae49d76209.woff2,/assets/f27324544bae49d76209.woff2,/assets/fonts/f27324544bae49d76209.woff2,font/woff2,/; /01001001-00100000-01000100-01001111; /ads-named-desire; /aesthetics-under-the-microscope; /artist-statement; /breathe; /dear-water; /fullscreen-page; /info; /maslows-hierarchy-of-needs; /mirage; /on-the-avant-garde-responses-and-how-an-artwork-can-stand-out; /on-the-distinctions-between-ai-works-and-art-works; /peace-and-peace; /pointillism; /projects; /random-thoughts; /song-of-a-lonely-bird; /song-of-a-lonely-bird-a-re-creation; /texts; /the-clock,shared,poppins-semibold,10400,5654b0e267ff835ebdb0b8f09e24b7a393bd0818b68d475e1729c3dd59af4f67,https://static.parastorage.com/tag-bundler/api/v1/fonts-cache/googlefont/woff2/s/poppins/v5/9VWMTeb5jtXkNoTv949Npfk_vArhqVIZ0nv9q090hN8.woff2
f48c4f4ca5cb876c7554.woff2,/assets/f48c4f4ca5cb876c7554.woff2,/assets/fonts/f48c4f4ca5cb876c7554.woff2,font/woff2,/; /01001001-00100000-01000100-01001111; /ads-named-desire; /aesthetics-under-the-microscope; /artist-statement; /breathe; /dear-water; /fullscreen-page; /info; /maslows-hierarchy-of-needs; /mirage; /on-the-avant-garde-responses-and-how-an-artwork-can-stand-out; /on-the-distinctions-between-ai-works-and-art-works; /peace-and-peace; /pointillism; /projects; /random-thoughts; /song-of-a-lonely-bird; /song-of-a-lonely-bird-a-re-creation; /texts; /the-clock,shared,poppins,8628,54c799453c6f2cc895ca6b433513a87b131ad842d744bd298b1b13a7d1b86705,https://static.parastorage.com/tag-bundler/api/v1/fonts-cache/googlefont/woff2/s/poppins/v21/pxiDyp8kv8JHgFVrJJLmy15VF9eOYktMqg.woff2
ads-named-desire-image-01.jpg,/assets/c2d3e132e42e8d97495a.jpg,/assets/images/projects/ads-named-desire/ads-named-desire-image-01.jpg,image/jpeg,/ads-named-desire,ads-named-desire,,395355,5e639a33dd0e7d97e07696f737d81a21d9fd9d2ef59975b5d38660a8479d5a46,https://static.wixstatic.com/media/430132_3170bf4a131a4b86a7ba46717db586ae~mv2.jpg
ads-named-desire-image-02.jpg,/assets/6cbd27c783d7945cfb86.jpg,/assets/images/projects/ads-named-desire/ads-named-desire-image-02.jpg,image/jpeg,/ads-named-desire,ads-named-desire,,97681,86586c9819cc9b2fdce83c1f2b011d053e294ed81e11ec122db28cb97e1be5dd,https://static.wixstatic.com/media/430132_dee7249870cb470992e5f06807cc8209~mv2.jpg
ads-named-desire-image-03.jpg,/assets/6e7fc8eb5b7ff746c234.jpg,/assets/images/projects/ads-named-desire/ads-named-desire-image-03.jpg,image/jpeg,/ads-named-desire,ads-named-desire,,288987,85ab40b2ba94d2330c674866080b9152f3921d8e261c572eb7c2b2396a182436,https://static.wixstatic.com/media/430132_bc414d822f994f76b743dbb1bfa0a258~mv2.jpg
ads-named-desire-image-04.jpg,/assets/0fc26f7e600b36c381d9.jpg,/assets/images/projects/ads-named-desire/ads-named-desire-image-04.jpg,image/jpeg,/ads-named-desire,ads-named-desire,,303785,8a4e48298905cc106665588c33d3271bca72c41efc0183d83cf276c3e1c3a4a5,https://static.wixstatic.com/media/430132_602a359f4242464a905b52f07956a9f2~mv2.jpg
aesthetics-under-the-microscope-image-01.gif,/assets/bd9c9bcea6415a6aa4ac.gif,/assets/images/projects/aesthetics-under-the-microscope/aesthetics-under-the-microscope-image-01.gif,image/gif,/aesthetics-under-the-microscope,aesthetics-under-the-microscope,,8732440,005cc0a93331cf32ae317831ac660de716a8d1125fb2d16e46149ddae9dfb63b,https://static.wixstatic.com/media/430132_2c6d65cecd304be9a134b4b2ccd651c8~mv2.gif
aesthetics-under-the-microscope-image-02.gif,/assets/d091ef8c45cb7ecc151c.gif,/assets/images/projects/aesthetics-under-the-microscope/aesthetics-under-the-microscope-image-02.gif,image/gif,/aesthetics-under-the-microscope,aesthetics-under-the-microscope,,6571773,3ca5da141f509f2719c5252c77d4c739de780279e6449de0196ea0959ebe5d27,https://static.wixstatic.com/media/430132_bf58de5bc9e24341b83925734e8983d0~mv2.gif
aesthetics-under-the-microscope-image-03.gif,/assets/4b431d634b6a5ccfe700.gif,/assets/images/projects/aesthetics-under-the-microscope/aesthetics-under-the-microscope-image-03.gif,image/gif,/aesthetics-under-the-microscope,aesthetics-under-the-microscope,,7249941,062715f65f9ae795653d238758e44b0f441acafe37f2850b6db439ad9061dbb8,https://static.wixstatic.com/media/430132_aca376c693594d638d9944dd50b72432~mv2.gif
aesthetics-under-the-microscope-image-04.gif,/assets/f68da7af8eab1d394814.gif,/assets/images/projects/aesthetics-under-the-microscope/aesthetics-under-the-microscope-image-04.gif,image/gif,/aesthetics-under-the-microscope,aesthetics-under-the-microscope,,14310280,220668358d3e5f4fae2a49c8c46318b9b6218ede786db6c362651bf14c6189e3,https://static.wixstatic.com/media/430132_0f3e5a0f3e0641df84d507d8a16f1ecc~mv2.gif
aesthetics-under-the-microscope-image-05.gif,/assets/eff8b7461d3259bbbe62.gif,/assets/images/projects/aesthetics-under-the-microscope/aesthetics-under-the-microscope-image-05.gif,image/gif,/aesthetics-under-the-microscope,aesthetics-under-the-microscope,,14090571,42104e4c2d668e698b65cd3ff16112292016d4537ba4577120dfc3e074d963a9,https://static.wixstatic.com/media/430132_53c871f7371e415eaeb7752f527d955d~mv2.gif
aesthetics-under-the-microscope-image-06.gif,/assets/c0fb3d1fa9f1550c6ceb.gif,/assets/images/projects/aesthetics-under-the-microscope/aesthetics-under-the-microscope-image-06.gif,image/gif,/aesthetics-under-the-microscope,aesthetics-under-the-microscope,,13488855,a86f78acbaa8a4804e83df26f3bbe6d5de6e75d9383164458502442541c35428,https://static.wixstatic.com/media/430132_59d3f8f575694d5baa8529e07d1bb694~mv2.gif
aesthetics-under-the-microscope-image-07.gif,/assets/cd719825f4e6bc125a61.gif,/assets/images/projects/aesthetics-under-the-microscope/aesthetics-under-the-microscope-image-07.gif,image/gif,/aesthetics-under-the-microscope,aesthetics-under-the-microscope,,6995402,6da7b985c47adabb3bc149829271a31e8501b2fa6e846a980a0f3c501f5003c0,https://static.wixstatic.com/media/430132_87d43ebaca4844b89fbc8b4009bcd844~mv2.gif
aesthetics-under-the-microscope-image-08.gif,/assets/5563ede9ce8a69ad27b2.gif,/assets/images/projects/aesthetics-under-the-microscope/aesthetics-under-the-microscope-image-08.gif,image/gif,/aesthetics-under-the-microscope,aesthetics-under-the-microscope,,9088603,f7a9f3179cca026be3b5d43c524e71e4356451593854dce92f72255582a376e2,https://static.wixstatic.com/media/430132_56481862e1dd4bbfbb1590c83a9341d0~mv2.gif
aesthetics-under-the-microscope-image-09.gif,/assets/98bbe893583cc5ccf3e1.gif,/assets/images/projects/aesthetics-under-the-microscope/aesthetics-under-the-microscope-image-09.gif,image/gif,/aesthetics-under-the-microscope,aesthetics-under-the-microscope,,6681771,a40aa49916145cb41533244f2cb3fd6fd5627a211981adc597d6ea3a6d31026d,https://static.wixstatic.com/media/430132_f8f79584340e4cd0bc814b85c1865228~mv2.gif
breathe-image-01.png,/assets/c867c4bd403bf5b46f55.png,/assets/images/projects/breathe/breathe-image-01.png,image/png,/; /breathe; /projects,breathe,,6175792,d07e3d11cd6e044057f9756b6a04d3457da31991e7ab4eec361007d71997b24d,https://static.wixstatic.com/media/430132_4cc4c01f9a1f42f59c5edf005d237e16~mv2.png
breathe-image-02.jpg,/assets/a5526405011fc410dbf0.jpg,/assets/images/projects/breathe/breathe-image-02.jpg,image/jpeg,/breathe,breathe,,4052085,892fce3a0cd03069fab4ba9e2e7012e7d95d3f058503d62f23d7fd03ab15518b,https://static.wixstatic.com/media/430132_cb1b3ed736154cbbbf48710840beec67~mv2.jpg
breathe-image-03.jpg,/assets/0188b6aeb28460146c80.jpg,/assets/images/projects/breathe/breathe-image-03.jpg,image/jpeg,/breathe,breathe,,744423,bdd72bdca771e247c2872abfb706b11e789049941820bdc5301074c8d0a4cbae,https://static.wixstatic.com/media/430132_88b32249afa04cc684e171a955f9b773~mv2.jpg
breathe-image-04.jpg,/assets/236f5ecc885ae42448eb.jpg,/assets/images/projects/breathe/breathe-image-04.jpg,image/jpeg,/breathe,breathe,,2438309,0df73db02e93395445983b05ae0089ff54c0e7b1531945aaadff0debd825db7f,https://static.wixstatic.com/media/430132_87fe150cb96e43e2b0da8061892e74ff~mv2.jpg
breathe-image-05.jpg,/assets/000687d985398037be79.jpg,/assets/images/projects/breathe/breathe-image-05.jpg,image/jpeg,/breathe,breathe,,1159177,459cedb9e1fb4d3a44bd8d4066c7b2f62150abb70db36d3b245a971a159318c1,https://static.wixstatic.com/media/430132_f640b87809ee4211b0289660d20e79c2~mv2.jpg
breathe-image-06.jpg,/assets/2e75d956dce119208e35.jpg,/assets/images/projects/breathe/breathe-image-06.jpg,image/jpeg,/breathe,breathe,,3389555,42b5aa15bc2e208b2f0cbd4f180907dfc2ccf9b568a20849716f6f3b6062d08e,https://static.wixstatic.com/media/430132_49db42908ccb4bdf8fc85f810e018a69~mv2.jpg
breathe-image-07.jpg,/assets/cd84c2d9b621410c22e0.jpg,/assets/images/projects/breathe/breathe-image-07.jpg,image/jpeg,/breathe,breathe,,1677498,ea188e37b8227849377522802e46012539c8732e225529780211db55ed0bc3f0,https://static.wixstatic.com/media/430132_d44ff16549d240b98402961e0bb1a82e~mv2.jpg
breathe-image-08.png,/assets/e5fbc371f7f05fd072e1.png,/assets/images/projects/breathe/breathe-image-08.png,image/png,/breathe,breathe,,29852498,eea6514dd8504d533dfa9ac34fc77a9138caad8b47295b8bba4780c445e67c09,https://static.wixstatic.com/media/430132_1e0938d5486d4f88ada9558794bd6c19~mv2.png
breathe-image-09.jpg,/assets/1d52e9398cec444f5107.jpg,/assets/images/projects/breathe/breathe-image-09.jpg,image/jpeg,/breathe,breathe,,68969,f2035f27448ebf42a00dec409f1b51f21c40277ef3acf29bebea33287b45e1a2,https://static.wixstatic.com/media/430132_097944e334dc4776bb6365e377486264~mv2.jpg
dear-water-image-01.jpg,/assets/9c1d6fe31e6ac265fa1e.jpg,/assets/images/projects/dear-water/dear-water-image-01.jpg,image/jpeg,/; /dear-water; /projects,dear-water,,1215247,b3e70f74cb6c091a8a3f32f73f8ed701deb006741352eb31479a687235432b07,https://static.wixstatic.com/media/430132_01da8fdd469048459bc26a0f3400923d~mv2.jpg
dear-water-image-02.jpg,/assets/ebb96eef2c874d8b63da.jpg,/assets/images/projects/dear-water/dear-water-image-02.jpg,image/jpeg,/dear-water,dear-water,,1506708,586ad999ad725117cd51a8b44a226d8407a0a00ff434e0ca2a4351d4a51dcdb1,https://static.wixstatic.com/media/430132_a8f7dd3ebb3847f4846c7accf3bbfcf7~mv2.jpg
dear-water-image-03.jpg,/assets/d057a187ef66fdbf2938.jpg,/assets/images/projects/dear-water/dear-water-image-03.jpg,image/jpeg,/dear-water,dear-water,,1680471,06b6af2695703f28b91269df167b56701adeda43a545ec067b466d07a3349a3f,https://static.wixstatic.com/media/430132_76d9f10988c6427c8c503c62bf9492a7~mv2.jpg
dear-water-image-04.jpg,/assets/ec315522642ba0fe6651.jpg,/assets/images/projects/dear-water/dear-water-image-04.jpg,image/jpeg,/dear-water,dear-water,,951429,aea81400f2d0f22347f2f3605ab2090e0c10928c67965dd54e192bf9496fe1f6,https://static.wixstatic.com/media/430132_4022c0936e0549cb8845f17a845fd2ac~mv2.jpg
maslows-hierarchy-of-needs-image-01.jpg,/assets/93734412605dbdca604e.jpg,/assets/images/projects/maslows-hierarchy-of-needs/maslows-hierarchy-of-needs-image-01.jpg,image/jpeg,/; /projects,maslows-hierarchy-of-needs,,175742,c569e2dd4a104b8e869c4b4d58ca65e50fc3a547c03e62aa57c72a0b9292624a,https://static.wixstatic.com/media/430132_19d4340bf2e0402f8bbf39f033237631~mv2.jpg
maslows-hierarchy-of-needs-image-02.jpg,/assets/d3244c47c50afc392ffd.jpg,/assets/images/projects/maslows-hierarchy-of-needs/maslows-hierarchy-of-needs-image-02.jpg,image/jpeg,/maslows-hierarchy-of-needs,maslows-hierarchy-of-needs,,4683057,9aa8f8bdb12584d7c7301528f08a4a49ddd5c43a9178c613c9b8c0b63b67a9fe,https://static.wixstatic.com/media/430132_a3ca35efcf8b48e4b583f9b04b9b4d0b~mv2.jpg
maslows-hierarchy-of-needs-image-03.jpg,/assets/b4f375f21e6b40c9169e.jpg,/assets/images/projects/maslows-hierarchy-of-needs/maslows-hierarchy-of-needs-image-03.jpg,image/jpeg,/maslows-hierarchy-of-needs,maslows-hierarchy-of-needs,,5042491,c85a73762b118871e687d128f7fb04da7d5879676dbc282fbe164d8331175f86,https://static.wixstatic.com/media/430132_c0cd95d2cb3f429a95a5d2f915bd5099~mv2.jpg
maslows-hierarchy-of-needs-image-04.jpg,/assets/012bf89999a62b52f730.jpg,/assets/images/projects/maslows-hierarchy-of-needs/maslows-hierarchy-of-needs-image-04.jpg,image/jpeg,/maslows-hierarchy-of-needs,maslows-hierarchy-of-needs,,1459966,b7fd18d3c79688447df227b7c08e68ba0a84afeba8dcb9c3e86d69a49670eb9f,https://static.wixstatic.com/media/430132_bf0a98960e5c4097aa08314000a73a76~mv2.jpg
maslows-hierarchy-of-needs-image-05.jpg,/assets/bc967a7dcd613f243e95.jpg,/assets/images/projects/maslows-hierarchy-of-needs/maslows-hierarchy-of-needs-image-05.jpg,image/jpeg,/maslows-hierarchy-of-needs,maslows-hierarchy-of-needs,,4850296,1b9ddb2e444fecc3f06ac0102fc92b3b86b657248eb5a37118a398b1f2e85293,https://static.wixstatic.com/media/430132_bc51e146e423479b80562ed0c2816795~mv2.jpg
maslows-hierarchy-of-needs-image-06.jpg,/assets/b6c93b430c1be7276779.jpg,/assets/images/projects/maslows-hierarchy-of-needs/maslows-hierarchy-of-needs-image-06.jpg,image/jpeg,/maslows-hierarchy-of-needs,maslows-hierarchy-of-needs,,1512749,3d5193d494b14ec0d9653caea2759c9ebd99a52795bbfd1d79a52cd8329cb124,https://static.wixstatic.com/media/430132_736d9b8e992e460bac022572abc6a0f7~mv2.jpg
maslows-hierarchy-of-needs-image-07.jpg,/assets/fa312bc336cf9adafe34.jpg,/assets/images/projects/maslows-hierarchy-of-needs/maslows-hierarchy-of-needs-image-07.jpg,image/jpeg,/maslows-hierarchy-of-needs,maslows-hierarchy-of-needs,,4867386,50d0a216c2d095fd02f07108e18100ccc001bb8aaa679f3a0e31daec6f227d25,https://static.wixstatic.com/media/430132_cd732ef5d2ff45d7aabdfbd137ecc6f9~mv2.jpg
mirage-image-01.jpg,/assets/89df87b99bf8e136eecf.jpg,/assets/images/projects/mirage/mirage-image-01.jpg,image/jpeg,/; /projects,mirage,,571290,20056a181078b891f7054c5a4f68a021f8101c0f9cc03cf48034b419d1998fb0,https://static.wixstatic.com/media/430132_fb9914717de642cbb089318813ddb304~mv2.jpg
mirage-image-02.jpg,/assets/36eb10373763741661b4.jpg,/assets/images/projects/mirage/mirage-image-02.jpg,image/jpeg,/mirage,mirage,,597663,bdb30158c6711c958dcd81d653b99044d60c0bf40980ae111a51e5febb52ddef,https://static.wixstatic.com/media/430132_69414a5e27094252ad630291e5ceeca0~mv2.jpg
mirage-image-03.jpg,/assets/ac552403e9a9d3c0d1aa.jpg,/assets/images/projects/mirage/mirage-image-03.jpg,image/jpeg,/mirage,mirage,,6386463,cb52938ac11dd047b4cedcc9d726f7fb04cc891416a824a8e21dd83f95b52f5a,https://static.wixstatic.com/media/430132_5d2a1533ede74cafa11c8997f85021f4~mv2.jpg
mirage-image-04.jpg,/assets/dbe0b4f6a98c16580db3.jpg,/assets/images/projects/mirage/mirage-image-04.jpg,image/jpeg,/mirage,mirage,,356696,389e56842dd3ca9b1c2195e491e1f2dec02437e51b443b528bd516021f925ab1,https://static.wixstatic.com/media/430132_90113fb6a103493abd0af492d74842de~mv2.jpg
peace-and-peace-image-01.jpg,/assets/b62d0a62ed1c37ffe995.jpg,/assets/images/projects/peace-and-peace/peace-and-peace-image-01.jpg,image/jpeg,/; /projects; /texts,peace-and-peace,,26669,c0bf7427b3cc7cf0c885b75f2335384ff7d4ca123458eb5f701229f82f49af06,https://static.wixstatic.com/media/430132_ab8a02cefeb54439921e1bef4df89e43~mv2.jpg
random-thoughts-image-01.jpg,/assets/2c58556e97ca870816fd.jpg,/assets/images/projects/random-thoughts/random-thoughts-image-01.jpg,image/jpeg,/random-thoughts,random-thoughts,,2405390,b7b22db348d49e6d6c1163cfa775e67ac63feda95426619a267d9cb9aed3d57a,https://static.wixstatic.com/media/430132_4fa41151c5fb4eb0b1768af45edd9622~mv2.jpg
random-thoughts-image-02.jpg,/assets/3c6c55683f5b0c2f2116.jpg,/assets/images/projects/random-thoughts/random-thoughts-image-02.jpg,image/jpeg,/random-thoughts,random-thoughts,,977081,8739c4aec7a5d77549d1bcd6e79b15da99ac205c94eb6ca4fea91f30ddbeb126,https://static.wixstatic.com/media/430132_fdcda2e08f5f4cc2ba5ead50dca05049~mv2.jpg
random-thoughts-image-03.jpg,/assets/0be6dfb8fd2f2d2b8f74.jpg,/assets/images/projects/random-thoughts/random-thoughts-image-03.jpg,image/jpeg,/random-thoughts,random-thoughts,,994317,a1b46a69d482450faa408687c124b05643d15e6b9558d109d11f47a94cae5b3a,https://static.wixstatic.com/media/430132_73a33b8fa310432a89655c13ce75da3b~mv2.jpg
random-thoughts-image-04.jpg,/assets/27166c9600650036f20f.jpg,/assets/images/projects/random-thoughts/random-thoughts-image-04.jpg,image/jpeg,/random-thoughts,random-thoughts,,863687,0e5543b986aa97d51342a817843083a7cdfafb0cfbf95de3e20e281c625a673f,https://static.wixstatic.com/media/430132_3c34301425214c92810f74c2339895dd~mv2.jpg
song-of-a-lonely-bird-a-re-creation-image-01.jpeg,/assets/8568143f43845ad8d191.jpeg,/assets/images/projects/song-of-a-lonely-bird-a-re-creation/song-of-a-lonely-bird-a-re-creation-image-01.jpeg,image/jpeg,/; /projects,song-of-a-lonely-bird-a-re-creation,,346946,e5aa8a9c89c58ea8ce05aa9b3e308864f94db5d4f76f59a6fdcce203faa6b51c,https://static.wixstatic.com/media/430132_33604598e39a412d98972e7ed592d258~mv2.jpeg
song-of-a-lonely-bird-image-01.jpg,/assets/28a8952bce3c17b1a655.jpg,/assets/images/projects/song-of-a-lonely-bird/song-of-a-lonely-bird-image-01.jpg,image/jpeg,/; /projects,song-of-a-lonely-bird,,53172,020d15d9a2746bb0c7c0288ca294ce8fc5c4ffe2f3716b7f29ace8e6ac21812c,https://static.wixstatic.com/media/430132_b37ad65c1af646afac072435a7d52311~mv2.jpg
song-of-a-lonely-bird-image-02.jpg,/assets/9af0cab7dbaeff40f55b.jpg,/assets/images/projects/song-of-a-lonely-bird/song-of-a-lonely-bird-image-02.jpg,image/jpeg,/song-of-a-lonely-bird,song-of-a-lonely-bird,,765707,e016681e6642b2ae3c8cee7cbea891a63e420c7b910095b1c2d9dd8b56247dde,https://static.wixstatic.com/media/430132_de94d50f5b5e47e4bb9f53434b6957e5~mv2.jpg
song-of-a-lonely-bird-image-03.jpg,/assets/8d2aade1dc756c5557dd.jpg,/assets/images/projects/song-of-a-lonely-bird/song-of-a-lonely-bird-image-03.jpg,image/jpeg,/song-of-a-lonely-bird,song-of-a-lonely-bird,,640987,fd550fc4bb9ab9157d8d54b04e26f58946819b5971911eb4bf2cd0df8d277aed,https://static.wixstatic.com/media/430132_23252e1e8f8444afaadbb0d458d871cb~mv2.jpg
song-of-a-lonely-bird-image-04.jpg,/assets/f4b5a4a8896c4101a947.jpg,/assets/images/projects/song-of-a-lonely-bird/song-of-a-lonely-bird-image-04.jpg,image/jpeg,/song-of-a-lonely-bird,song-of-a-lonely-bird,,350609,f79a8faa4dad1db4a82a397a775f125426281e96df452ddd0c095bdebb512879,https://static.wixstatic.com/media/430132_6ac1e5241c32400e8f5b75567094b919~mv2.jpg
song-of-a-lonely-bird-image-05.jpg,/assets/e0acc10846c7eeb3981e.jpg,/assets/images/projects/song-of-a-lonely-bird/song-of-a-lonely-bird-image-05.jpg,image/jpeg,/song-of-a-lonely-bird,song-of-a-lonely-bird,,650218,fa26e8f7cb649730fe4b878f8263f8db7f5aaad4361eeb920039c17ce2bc4e61,https://static.wixstatic.com/media/430132_5da842dacbf14bbb9b59bdb971999168~mv2.jpg
song-of-a-lonely-bird-image-06.jpg,/assets/bbceab7b4aa9d71f53fd.jpg,/assets/images/projects/song-of-a-lonely-bird/song-of-a-lonely-bird-image-06.jpg,image/jpeg,/song-of-a-lonely-bird,song-of-a-lonely-bird,,635903,5d99579c47ffeadbc75b78bdbf9fce41340a498b89b2b63e40dfc351811ec566,https://static.wixstatic.com/media/430132_bcb92ad136a14eed8ab23bca773a90c5~mv2.jpg
song-of-a-lonely-bird-image-07.jpg,/assets/4a530e07e864c7cc5ef7.jpg,/assets/images/projects/song-of-a-lonely-bird/song-of-a-lonely-bird-image-07.jpg,image/jpeg,/song-of-a-lonely-bird,song-of-a-lonely-bird,,489003,ca93ad627f1fe1a9b8c7a2c747899c26d1705cda438be85295c0ca04fbd894e2,https://static.wixstatic.com/media/430132_4db93b61d94e449f8024da5280d4fb48~mv2.jpg
song-of-a-lonely-bird-image-08.jpg,/assets/2f12cfde9f45210cd328.jpg,/assets/images/projects/song-of-a-lonely-bird/song-of-a-lonely-bird-image-08.jpg,image/jpeg,/song-of-a-lonely-bird,song-of-a-lonely-bird,,739479,8fcb81174310a9f6ca9d0bbe7daafc4538b6f8e8342b531eb325bde029775f82,https://static.wixstatic.com/media/430132_50b4398260734e2287bdbdba0ca6998f~mv2.jpg
the-clock-image-01.jpg,/assets/e6ecf1de86f9dea99768.jpg,/assets/images/projects/the-clock/the-clock-image-01.jpg,image/jpeg,/; /projects,the-clock,,1289512,54b503ffe8eb4bfcaad6ba0a13c14df7f626ad25f2a4b22aba9b9ab767da7f16,https://static.wixstatic.com/media/430132_638fc7b6d382449eb3ce1ea4cd80f205~mv2.jpg
the-clock-image-02.jpg,/assets/c5180db0d5e58ce93e7c.jpg,/assets/images/projects/the-clock/the-clock-image-02.jpg,image/jpeg,/the-clock,the-clock,,300612,f716b9b0a845a59fc90b950d4851950ebfd1a7e6da48f1bdec6cbce72d32b2cf,https://static.wixstatic.com/media/430132_d8e906299ed24cff9e9bdf4a57370a12~mv2.jpg
the-clock-image-03.jpg,/assets/1286ce5da73096256480.jpg,/assets/images/projects/the-clock/the-clock-image-03.jpg,image/jpeg,/the-clock,the-clock,,3432998,938b1c5a8eb52ed7dddcf20d21f6234fb66bec6ad94220b55422d51aed5e9164,https://static.wixstatic.com/media/430132_76bf086befac4f2fb08c4f37731c0da5~mv2.jpg
the-clock-image-04.jpg,/assets/7c40bbb2511768001105.jpg,/assets/images/projects/the-clock/the-clock-image-04.jpg,image/jpeg,/the-clock,the-clock,,1609299,e3ad9a03e9c43d0dfca1935cf98aac3fb90bdce2b332c6e2e2e2c2e91892bbb1,https://static.wixstatic.com/media/430132_d3e8153f3e294ee684932cb24e3dc625~mv2.jpg
site-icon.png,/assets/73040134beafc359bbd9.png,/assets/images/shared/site-icon.png,image/png,/; /01001001-00100000-01000100-01001111; /ads-named-desire; /aesthetics-under-the-microscope; /artist-statement; /breathe; /dear-water; /fullscreen-page; /info; /maslows-hierarchy-of-needs; /mirage; /on-the-avant-garde-responses-and-how-an-artwork-can-stand-out; /on-the-distinctions-between-ai-works-and-art-works; /peace-and-peace; /pointillism; /projects; /random-thoughts; /song-of-a-lonely-bird; /song-of-a-lonely-bird-a-re-creation; /texts; /the-clock,shared,,15805,777118a14b87e2ed38e92c28d220d9c081671f542b237a633b9f81f87044e5c4,https://static.wixstatic.com/media/430132_9fc12db46ea047b0ad64d344f96be14b%7Emv2.png
site-image-01.jpeg,/assets/bad49e8c3cafbecdbb4e.jpeg,/assets/images/shared/site-image-01.jpeg,image/jpeg,/texts,texts,,183362,ea280ef8cfdb880cf9f4258c3cf86e7b6f2d5dd20581a5b159015fa376235851,https://static.wixstatic.com/media/430132_6624426342b34c20884322b6b79c37de~mv2.jpeg
site-image-02.webp,/assets/1d2cd711490b121986f1.webp,/assets/images/shared/site-image-02.webp,image/webp,/texts,texts,,198344,6381e5c669400a70658f2e9d5223a880b79e858bdb6775b62715da175396323e,https://static.wixstatic.com/media/430132_962d8b9b5b5f4a95b1340575dce0e15b~mv2.webp
site-instagram-icon.png,/assets/de9f4818d5f6365368fa.png,/assets/images/shared/site-instagram-icon.png,image/png,/; /01001001-00100000-01000100-01001111; /ads-named-desire; /aesthetics-under-the-microscope; /artist-statement; /breathe; /dear-water; /info; /maslows-hierarchy-of-needs; /mirage; /on-the-avant-garde-responses-and-how-an-artwork-can-stand-out; /on-the-distinctions-between-ai-works-and-art-works; /peace-and-peace; /pointillism; /projects; /random-thoughts; /song-of-a-lonely-bird; /song-of-a-lonely-bird-a-re-creation; /texts; /the-clock,shared,,21665,a77d9274fc196cca0035dd2be4eca8b59577846eeedaf1571bb35a354845ebcd,https://static.wixstatic.com/media/01c3aff52f2a4dffa526d7a9843d46ea.png
